Run_ID,SMILES
1,O=C(Nc1ncc(Cl)c(Cl)c1-n1cccc1)OC1CS(=O)(=O)c2ccccc21
1,Cc1ncc(CN2CCN(C=Cc3ccccc3C(F)(F)F)CC2)n1C
1,CC1CCC(c2cccc(O)c2O)=CC1[N+](=O)[O-]
1,O=C(O)Cc1nnc(-c2ccc(Cl)cc2Cl)o1
1,CCCC=CC(=O)Nc1cccc(Nc2nccc(-c3cccc4c(CC)c[nH]c34)n2)c1
1,Cc1nn(Cc2c(F)cccc2Cl)c(C)c1CN1CCC(C(N)=O)CC1
1,CCOCCN1CCC(=Cc2cc(O)ccc2Cn2cnc3ccccc32)CC1
1,Cc1ccccc1-c1nc(N)n2nc(-c3ccc(S(C)(=O)=O)cc3)cc2c1N1CCCCC1
1,Cc1ccc(-n2cc(CC(=O)Nc3cccc(Cl)c3)nn2)cc1
1,CCc1cnc2c(-c3c(Cl)cc(NC(C)CC(=O)O)c(C=NO)c3Cl)cnn2c1Nc1c(F)cccc1F
1,CCCn1c(=N)[nH]c2c(-c3ccc(OC)cc3)c[nH]c2c1=O
1,CC(=O)Nc1cncc(-c2cn3c(n2)C(C)(C)C2COC(=O)Nc4cncc5ccc(cc45)C2C3)c1
1,CCS(=O)(=O)N1CCC2(CCNCC2(C)C)c2cccc(C)c21
1,Cc1noc2nc(C3CC3)cc(CN3CCC(CN4C(=O)c5ccc(F)cc5C4=O)CC3)c12
1,Cc1cc(Cl)cnc1N1CCN(CC=Cc2ccccc2)CC1
1,CC(CO)c1ccccc1NS(=O)(=O)c1cc(OC(F)(F)F)ccc1N1CCN(C)CC1
1,CCN(CC)CCn1nc(-n2ccnc2)c2c3ccccc3n(C)c2c1=O
1,CCOc1cccc(O)c1C(=O)CC(C)C
1,Cc1nc2c3[nH]c(=O)n(c3n1)CCCN(CCc1cccc(F)c1)CCCN2
1,CCNc1ncc(-c2cc(-c3cncc(C(F)(F)F)c3)nn2CC2CCN(c3cccc(O)c3)C2=O)cc1OC(F)(F)F
1,CCN(CC)S(=O)(=O)CCN1Cc2cc(CN(C3CCCCC3)S(C)(=O)=O)ccc2C1=O
1,COc1cc(NC(=O)Nc2ccc(C)cc2C)c(F)cc1F
1,CCn1c(C)c(-c2cccnc2Oc2ccc3c(c2)C(C)(C)C(=O)N3C(C)=O)c2ccccc21
1,CC1=CC(C)CN(CCN2CN(C)C3c4cc(C5=NC(c6ccccc6)(C(F)F)NC(=S)N5C)ccc4OC(C)C3C2=O)C1
1,CCN(CC1CC1)c1nnc(-c2nccs2)c(-c2ccccc2)[n+]1Cc1ccccc1
1,Cc1cccc(CCC(O)CN2CCN(c3noc4ccc(S(N)(=O)=O)cc34)CC2)c1
1,C=C(C)COc1ccccc1C(=O)NC(=S)n1nc(CCc2ccccc2)cc1C(F)(F)F
1,Nc1nc2ccccc2n2c(OCC(O)Cn3ccc(C(F)(F)F)n3)c3cccc(Cl)c3c12
1,CCCCOCC#CCN1c2cc(CNCCC#N)ccc2C2CCC1CC2
1,Cc1cccc(N)c1NC(=O)C1CC2(CCN(C)CC2)c2ccccc21
1,O=C(Nc1cc(Cl)c(Cl)cc1C(=O)N1CCCCC1)c1cccn1-c1ccc([N+](=O)[O-])cc1Cl
1,CN1Cc2nc3c(c(=O)n2CC12CCCCC2)C(=O)CC(C)(C)C3
1,COC(=O)N1CC(C(C)(C)O)CC2C3CC(CC=CC31)N2N=Nc1nc2ccccc2[nH]1
1,CCCn1c(=O)n(-c2ccc(OC(F)(F)F)cc2)c2nc[nH]c(=O)c21
1,CCN(CC)c1nc2ccccc2nc1NC1CCN(Cc2ccccc2Cl)CC1
1,CC(C)CCN1CCc2nc(N)nc(N)c2C1c1cccc([N+](=O)[O-])c1
1,Cc1ccc([N+](=O)[O-])cc1C(=O)N1CC(NC(=O)CC(C)C)C(=O)N2CCCC2C1
1,Cc1ncc([N+](=O)[O-])n1Cc1ccc2c(c1)CCC(N(C)C)C2
1,CCOc1cc(-c2cn3cc(C(=O)Nc4ccncc4)ccc3n2)ccc1O
1,CCOC1CCN(C(=O)Oc2cccc(C(C)(C)C)c2)CC1
1,CCC1C(=O)c2sc(NC(=O)C3CCN(c4ncccn4)CC3)nc2CC1c1ccccc1
1,Cc1ccc(C(=O)N2CCN(C)C(Cc3ccc(C#CC4(N5CCC(=O)NCC5=O)CC4)cc3)C2)s1
1,O=C1CC(CC=CCCn2ccccc2=O)C(=Cc2ccc(Oc3ccccc3)c(O)c2)S(=O)(=O)N1
1,Cc1ocnc1C(=O)NN=Cc1cc([N+](=O)[O-])ccc1O
1,CN=C1NC23Cc4ccc(F)cc4C(CCN2C)(O1)C3CCN1CC(O)CCC1C
1,O=C(CCN1CCOC1=O)Nc1ccccc1C(F)(F)F
1,CC(C)c1ccc(-c2csc(CCCNC(=O)C3CC(F)CN3)n2)cc1
1,O=C(Nc1cc(F)ccc1N1CCCC1)c1c(-c2ccccc2)n(O)c2ncccc12
1,Cc1nn(C)c(C)c1C1C(=O)N(CC2(C)CCOC2)C(=N)N1Cc1ccccc1
1,CC(=O)Nc1nnc(SCc2ccc(Cl)cc2)s1
1,O=C(CC1CN(Cc2ccccc2Cn2ccnc2)CC1OCCn1cnc2ccccc21)NC1CCCC1
1,CC(CCc1ccccc1)(CCC(O)Cn1cccc(O)c1=O)OO
1,CCN(C(=O)C1CN(c2nc(-c3c(F)cc(OC)cc3Cl)cs2)CC1O)c1ncc(F)cn1
1,CCN1C(=O)CCC1c1cccc2c1N(CCCNCc1c(Cl)cccc1Cl)CC2
1,Cc1c(Cc2ccc(C(C(OC(N)=O)C(F)(F)F)S(=O)(=O)c3ccccc3)cc2F)c(=O)[nH]c2ccccc12
1,Cc1ccc([N+](=O)[O-])cc1-c1c(C(N)=O)cnn1-c1ccccc1
1,Cc1c(C(=O)O)c(O)c2ncccc2c1-[n+]1ccn2cc(Cl)ccc21
1,O=C(Nc1cccc2cc(O)ccc12)c1cccc([N+](=O)[O-])c1
1,O=C(Cc1nc2ccc(NC(=O)C3CCCCC3)cc2cc1C1CC1)Nc1nccs1
1,CCN1CCOC2(CCCN(CC(=O)Nc3ccc(Cl)cc3)C2=O)OCc2c(c3ccccc3c3ccccc23)C1
1,Cc1ccc(-c2ncccn2)cc1NC(=O)N(CC1CCCO1)c1ccccn1
1,CC(=O)c1c2n(C)c3c(cccc13)CCCN(CCS)CCOc1ccccc1OC2
1,NC(=NCCCCCC(=O)NC(CCCC1COc2ccc(C=NNC(=O)c3ccncc3)cc2C1)C(=O)O)C(F)(F)C(F)(F)F
1,CCC(C)OCn1c(C)c(C(=O)C2CCC(=O)N2c2ccc(F)cc2)c2ccccc21
1,CC1CC2(CCN(S(=O)(=O)c3cc(C(=O)OCC(=O)N4CCCC4)ccc3Cl)CC2)CO1
1,CCCCc1c2cc(c3ccc(OC)c(O)c13)CC(O)C2N(C(=O)CC1CC1C(O)CCc1ccc(C(=N)N)cc1)C(C)(C)C
1,Nc1ncnc2c1c(-c1cccnc1)nn2-c1ccccc1
1,CCN(c1ccc(C#N)cn1)S(=O)(=O)c1cc(-c2ccccc2C(F)(F)F)ccc1Cl
1,Cc1ccnc(Cl)c1CC(C#N)(c1ccccc1)N1CCCCC1
1,CCOc1nc(OC)nc(N)c1NC(=O)c1oc2ccc(OC)cc2c1C
1,Cc1c(COc2ccc(C(F)(F)F)cc2[N+](=O)[O-])sc(N)c1[S+](=O)([O-])[O-]
1,Cc1occc1C(=O)N1CC(c2nccn2C(C)c2cccc(F)c2F)CC(C(F)(F)F)C1
1,CCCCN(CC)c1ccc(-c2cn3c(C)c(C(=O)Nc4ccc5cc(C(=O)O)[nH]c5c4)sc3n2)cc1
1,COc1cc2c3c(C(N)=O)csc3n(C)c2cc1NC(=O)NC1=CCCCC1
1,CCC(C)c1ccccc1N1CCC(C(N)=C(C#N)C(=O)c2ccccc2)CC1
1,Cc1cc(S(=O)(=O)F)ccc1C(=O)Nc1ccccc1N1CCCC1=O
1,Cc1ccc(S(=O)(=O)N(C)C)cc1C(=O)Nc1cc(CN2CCN(C3=NCCC3)CC2)ccc1NC(=O)C1CC1
1,N#CC(c1ccccc1)c1ccc(-c2ccc(C(=O)N3C(C(=O)N4CCCCC4)COCC3C(O)c3ccccc3)cc2)cc1
1,CCN1CCCc2cc(C(=O)N(C)c3ccccc3C(Nc3ncnc4ccccc34)c3ccccc3)ccc21
1,Cc1ccccc1NC(=O)CSc1nccnc1NCc1ccc2c(c1)OCCO2
1,Nc1ccc(CNc2ccccc2-c2nc3cnccc3[nH]2)c(Cl)c1
1,Cc1cc2nn(-c3ccc(S(N)(=O)=O)cc3)cc2nc1C
1,NC1=NC(c2ccccc2Cl)C2(CCCCC2)OC1
1,O=C(NCCN1CCCc2cc([N+](=O)[O-])ccc21)c1cc(-c2ccccc2)n2ccccc12
1,CC(=O)N1c2ccc(C(=N)N)cc2C(NCC2CCCCC2C)C1C1C2CCN(C)C1CC(O)C2
1,O=C(Nc1ccc2c(c1)OCC(c1ccccc1)O2)c1ccc(COc2cc(O)ccc2C2CC(c3cccnc3)=NO2)cc1
1,Cc1ccc(F)cc1-c1nc(CN2CCc3nc(N(C)C)ncc3C2)co1
1,CC1=C(C(=O)Nc2nnc(CC(C)C)s2)C2N(CC2(C)C)c2ccccc21
1,O=Cc1ccc(C2=C(Oc3ccccc3)C(=O)N3c4ccccc4OCC3C2)s1
1,Cc1cnn(CC2CCCN2)c1-c1cc(F)c(NCCN(C)C)c(C(F)(F)F)c1
1,CCC1CCN(Cc2c(N)cccc2O)CC1
1,CCC(CC(O)CN)N=C=S
1,CC1(N)CCC(N(Cc2ccc(O)c(O)n2)C(=O)c2cccc(Cl)c2)C1
1,CC[N+]1([O-])CCc2c(nn(-c3cccc(Cl)c3Cl)c2C)C1
1,CC(=CC1=C(O)N2C(=O)C(C#N)C1c1cc(NC(=N)N)ccc12)c1ccc(Cl)c(C(N)=O)c1
1,CCC(C)C1Oc2c(ccc(O)c2CN2CCCC2)-c2c(OC)n[nH]c21
1,Cc1cc2c(c(N3CCN(Cc4ccccc4Cl)CC3)n1)CCCN2
1,O=C(CCC1CN2CCC1CC2)Nc1nccs1
1,CC1(C)C(=O)c2ccc(F)cc2C(=O)C1c1ccccc1
1,CCn1nc2c(-n3c([N+](=O)[O-])cnc3C)cc(-c3ccc(F)cc3)c(F)c2n1
