Protein,Total Candidates,Valid Candidates,Invalid SMILES,Toxic Candidates,Non-Toxic Candidates,Toxic %,Non-Toxic %
protein1,100,100,0,30,70,30.0,70.0
protein2,100,100,0,36,64,36.0,64.0
protein3,100,100,0,32,68,32.0,68.0
protein4,100,100,0,41,59,41.0,59.0
protein5,100,100,0,32,68,32.0,68.0
protein6,100,100,0,35,65,35.0,65.0
protein7,100,100,0,48,52,48.0,52.0
protein8,100,100,0,42,58,42.0,58.0
protein9,100,100,0,37,63,37.0,63.0
protein10,100,100,0,39,61,39.0,61.0
protein11,100,100,0,31,69,31.0,69.0
protein12,100,100,0,27,73,27.0,73.0
protein13,100,100,0,36,64,36.0,64.0
protein14,100,100,0,32,68,32.0,68.0
protein15,100,100,0,30,70,30.0,70.0
protein16,100,100,0,30,70,30.0,70.0
protein17,100,100,0,38,62,38.0,62.0
protein18,100,100,0,34,66,34.0,66.0
protein19,100,100,0,28,72,28.0,72.0
protein20,100,100,0,32,68,32.0,68.0
protein21,100,100,0,27,73,27.0,73.0
protein22,100,100,0,38,62,38.0,62.0
protein23,100,100,0,33,67,33.0,67.0
protein24,100,100,0,31,69,31.0,69.0
protein25,100,100,0,30,70,30.0,70.0
protein26,100,100,0,35,65,35.0,65.0
protein27,100,100,0,35,65,35.0,65.0
protein28,100,100,0,37,63,37.0,63.0
protein29,100,100,0,35,65,35.0,65.0
protein30,100,100,0,30,70,30.0,70.0
protein31,100,100,0,36,64,36.0,64.0
protein32,100,100,0,36,64,36.0,64.0
protein33,100,100,0,35,65,35.0,65.0
protein34,100,100,0,23,77,23.0,77.0
protein35,100,100,0,37,63,37.0,63.0
protein36,100,100,0,31,69,31.0,69.0
protein37,100,100,0,43,57,43.0,57.0
protein38,100,100,0,45,55,45.0,55.0
protein39,100,100,0,31,69,31.0,69.0
protein40,100,100,0,36,64,36.0,64.0
protein41,100,100,0,45,55,45.0,55.0
protein42,100,100,0,34,66,34.0,66.0
protein43,100,100,0,37,63,37.0,63.0
protein44,100,100,0,33,67,33.0,67.0
protein45,100,100,0,30,70,30.0,70.0
protein46,100,100,0,38,62,38.0,62.0
protein47,100,100,0,39,61,39.0,61.0
protein48,100,100,0,37,63,37.0,63.0
protein49,100,100,0,35,65,35.0,65.0
protein50,100,100,0,42,58,42.0,58.0
protein51,100,100,0,45,55,45.0,55.0
protein52,100,100,0,41,59,41.0,59.0
protein53,100,100,0,31,69,31.0,69.0
protein54,100,100,0,36,64,36.0,64.0
protein55,100,100,0,43,57,43.0,57.0
protein56,100,100,0,31,69,31.0,69.0
protein57,100,100,0,31,69,31.0,69.0
protein58,100,100,0,32,68,32.0,68.0
protein59,100,100,0,32,68,32.0,68.0
protein60,100,100,0,41,59,41.0,59.0
protein61,100,100,0,37,63,37.0,63.0
protein62,100,100,0,36,64,36.0,64.0
protein63,100,100,0,40,60,40.0,60.0
protein64,100,100,0,40,60,40.0,60.0
protein65,100,100,0,31,69,31.0,69.0
protein66,100,100,0,30,70,30.0,70.0
protein67,100,100,0,38,62,38.0,62.0
protein68,100,100,0,34,66,34.0,66.0
protein69,100,100,0,34,66,34.0,66.0
protein70,100,100,0,39,61,39.0,61.0
protein71,100,100,0,41,59,41.0,59.0
protein72,100,100,0,34,66,34.0,66.0
protein73,100,100,0,44,56,44.0,56.0
protein74,100,100,0,38,62,38.0,62.0
protein75,100,100,0,37,63,37.0,63.0
protein76,100,100,0,40,60,40.0,60.0
protein77,100,100,0,36,64,36.0,64.0
protein78,100,100,0,28,72,28.0,72.0
protein79,100,100,0,28,72,28.0,72.0
protein80,100,100,0,37,63,37.0,63.0
protein81,100,100,0,37,63,37.0,63.0
protein82,100,100,0,44,56,44.0,56.0
protein83,100,100,0,35,65,35.0,65.0
protein84,100,100,0,33,67,33.0,67.0
protein85,100,100,0,24,76,24.0,76.0
protein86,100,100,0,30,70,30.0,70.0
protein87,100,100,0,29,71,29.0,71.0
protein88,100,100,0,36,64,36.0,64.0
protein89,100,100,0,35,65,35.0,65.0
protein90,100,100,0,33,67,33.0,67.0
protein91,100,100,0,33,67,33.0,67.0
protein92,100,100,0,32,68,32.0,68.0
protein93,100,100,0,36,64,36.0,64.0
protein94,100,100,0,35,65,35.0,65.0
protein95,100,100,0,34,66,34.0,66.0
protein96,100,100,0,44,56,44.0,56.0
protein97,100,100,0,31,69,31.0,69.0
protein98,100,100,0,33,67,33.0,67.0
protein99,100,100,0,37,63,37.0,63.0
protein100,100,100,0,41,59,41.0,59.0
protein101,100,100,0,38,62,38.0,62.0
protein102,100,100,0,31,69,31.0,69.0
protein103,100,100,0,30,70,30.0,70.0
